parent_proto	instruction	op	destination_register	operand_namespace	operand_index	target_proto	target_params	target_upvalues	target_maxstack	capture_count	captures	status
16	10	NEWCLOSURE	10	child	0	15	1	1	4	1	0=VAL:R0	PASS
21	29	NEWCLOSURE	11	child	0	20	0	9	5	9	0=VAL:R5;1=VAL:R0;2=VAL:R7;3=VAL:R10;4=VAL:R4;5=VAL:R9;6=VAL:R8;7=VAL:R2;8=REF:R3	PASS
53	279	NEWCLOSURE	21	child	0	52	0	3	3	3	0=VAL:R0;1=VAL:R16;2=VAL:R18	PASS
61	28	NEWCLOSURE	7	child	0	59	1	1	8	1	0=VAL:R0	PASS
61	65	NEWCLOSURE	8	child	1	60	1	1	8	1	0=VAL:R0	PASS
64	29	NEWCLOSURE	6	child	0	63	2	1	6	1	0=VAL:R0	PASS
68	32	NEWCLOSURE	10	child	0	66	0	1	3	1	0=VAL:R0	PASS
68	36	NEWCLOSURE	10	child	1	67	0	1	2	1	0=VAL:R0	PASS
74	96	NEWCLOSURE	11	child	0	73	1	4	8	4	0=VAL:R0;1=VAL:R6;2=REF:R7;3=REF:R8	PASS
77	7	DUPCLOSURE	2	const	17	75	1	0	2	0		PASS
77	9	DUPCLOSURE	2	const	19	76	1	0	6	0		PASS
80	0	DUPCLOSURE	5	const	0	78	2	0	5	0		PASS
80	1	DUPCLOSURE	6	const	1	79	1	0	3	0		PASS
85	158	DUPCLOSURE	5	const	71	0	2	0	6	0		PASS
85	160	DUPCLOSURE	5	const	73	1	1	0	3	0		PASS
85	162	DUPCLOSURE	5	const	75	2	1	0	5	0		PASS
85	164	DUPCLOSURE	5	const	77	3	1	0	4	0		PASS
85	166	DUPCLOSURE	5	const	79	4	1	0	2	0		PASS
85	168	DUPCLOSURE	5	const	81	5	2	0	4	0		PASS
85	170	DUPCLOSURE	5	const	83	6	2	0	7	0		PASS
85	172	DUPCLOSURE	5	const	85	7	4	0	8	0		PASS
85	174	DUPCLOSURE	5	const	87	8	4	0	10	0		PASS
85	176	DUPCLOSURE	5	const	89	9	2	0	7	0		PASS
85	178	DUPCLOSURE	5	const	91	10	2	0	5	0		PASS
85	180	DUPCLOSURE	5	const	93	11	2	0	4	0		PASS
85	182	DUPCLOSURE	5	const	95	12	1	0	2	0		PASS
85	184	DUPCLOSURE	5	const	97	13	2	0	9	0		PASS
85	186	DUPCLOSURE	5	const	99	14	2	0	11	0		PASS
85	188	DUPCLOSURE	5	const	101	16	8	0	11	0		PASS
85	190	DUPCLOSURE	5	const	103	17	2	0	9	0		PASS
85	192	DUPCLOSURE	5	const	105	18	5	0	12	0		PASS
85	194	DUPCLOSURE	5	const	107	19	4	0	10	0		PASS
85	196	DUPCLOSURE	5	const	109	21	7	0	24	0		PASS
85	198	DUPCLOSURE	5	const	111	22	4	0	9	0		PASS
85	200	DUPCLOSURE	5	const	113	23	3	0	15	0		PASS
85	202	DUPCLOSURE	5	const	115	24	1	0	3	0		PASS
85	204	DUPCLOSURE	5	const	117	25	2	0	4	0		PASS
85	206	DUPCLOSURE	5	const	119	26	2	0	6	0		PASS
85	208	DUPCLOSURE	5	const	121	27	2	0	6	0		PASS
85	210	DUPCLOSURE	5	const	123	28	2	0	4	0		PASS
85	212	DUPCLOSURE	5	const	125	29	3	0	10	0		PASS
85	214	DUPCLOSURE	5	const	127	30	3	0	8	0		PASS
85	216	DUPCLOSURE	5	const	129	31	3	0	10	0		PASS
85	218	DUPCLOSURE	5	const	131	32	2	0	7	0		PASS
85	220	DUPCLOSURE	5	const	133	33	1	0	4	0		PASS
85	222	DUPCLOSURE	5	const	135	34	1	0	4	0		PASS
85	224	DUPCLOSURE	5	const	137	35	2	0	10	0		PASS
85	226	DUPCLOSURE	5	const	139	36	2	0	7	0		PASS
85	228	DUPCLOSURE	5	const	141	37	1	0	4	0		PASS
85	230	DUPCLOSURE	5	const	143	38	3	0	9	0		PASS
85	232	DUPCLOSURE	5	const	145	39	3	0	7	0		PASS
85	234	DUPCLOSURE	5	const	147	40	3	0	8	0		PASS
85	236	DUPCLOSURE	5	const	149	41	2	0	6	0		PASS
85	238	DUPCLOSURE	5	const	151	42	3	0	9	0		PASS
85	240	DUPCLOSURE	5	const	153	43	2	0	11	0		PASS
85	242	DUPCLOSURE	5	const	155	44	3	0	6	0		PASS
85	244	DUPCLOSURE	5	const	157	45	2	0	2	0		PASS
85	246	DUPCLOSURE	5	const	159	46	2	0	2	0		PASS
85	248	DUPCLOSURE	5	const	161	47	2	0	8	0		PASS
85	250	DUPCLOSURE	5	const	163	48	2	0	6	0		PASS
85	260	DUPCLOSURE	5	const	167	49	2	0	4	0		PASS
85	262	DUPCLOSURE	5	const	169	50	1	0	11	0		PASS
85	264	DUPCLOSURE	5	const	171	51	1	0	5	0		PASS
85	266	DUPCLOSURE	5	const	173	53	4	0	31	0		PASS
85	268	DUPCLOSURE	5	const	175	54	3	0	9	0		PASS
85	270	DUPCLOSURE	5	const	177	55	2	0	8	0		PASS
85	272	DUPCLOSURE	5	const	179	56	3	0	11	0		PASS
85	274	DUPCLOSURE	5	const	181	57	3	0	7	0		PASS
85	276	DUPCLOSURE	5	const	183	58	2	0	6	0		PASS
85	278	DUPCLOSURE	5	const	185	61	3	0	11	0		PASS
85	280	DUPCLOSURE	5	const	187	62	1	0	2	0		PASS
85	282	DUPCLOSURE	5	const	189	64	4	0	11	0		PASS
85	284	DUPCLOSURE	5	const	191	65	1	0	10	0		PASS
85	286	DUPCLOSURE	5	const	193	68	8	0	18	0		PASS
85	288	DUPCLOSURE	5	const	195	69	1	0	3	0		PASS
85	290	DUPCLOSURE	5	const	197	70	1	0	6	0		PASS
85	292	DUPCLOSURE	5	const	199	71	1	0	10	0		PASS
85	294	DUPCLOSURE	5	const	201	72	1	0	13	0		PASS
85	296	DUPCLOSURE	5	const	203	74	1	0	12	0		PASS
85	298	DUPCLOSURE	5	const	205	77	2	0	3	0		PASS
85	300	DUPCLOSURE	5	const	207	80	5	0	15	0		PASS
85	302	DUPCLOSURE	5	const	209	81	3	0	7	0		PASS
85	304	DUPCLOSURE	5	const	211	82	2	0	11	0		PASS
85	306	DUPCLOSURE	5	const	213	83	1	0	3	0		PASS
85	308	DUPCLOSURE	5	const	215	84	2	0	18	0		PASS
86	5	DUPCLOSURE	0	const	5	85	3	0	10	0		PASS
