00000000	00000000
00000001	00000001
00413bf5	ce228771
00710b49	d3d64555
0099d853	95270810
01403939	b2fe1108
01597536	46976682
0161c19e	1ec660d2
01adc66a	074bfbe9
02012d9c	77c64c26
020fdf01	2888fc5c
0218d452	bab6c411
02c5bed2	c727353b
02da421a	1039c4f3
02fe5140	4db1e561
034e520e	a10c08e1
0362e2b8	f8ac5a33
0378f607	7966b09c
0380909b	aaaa58da
03a703c9	afc14d52
03f94672	4aba7ecc
04108915	df33cc3d
044f97e3	9b39897f
04a93f8f	67063f7c
04aa2691	8cd8f110
052e608c	9f3d68a0
05b9fb7d	7b7e1ee9
05db1cbf	1d10962c
06272fd5	7499310e
063d5348	06a3c2a4
06789a86	dfef7f48
06a59bdc	e1a37b54
06ae3f10	f2bceccf
06b158a1	6e6b3a27
070be284	a7cc5781
07bd5f51	e557c9a3
07c24999	3b0d8a4c
07ec68e9	ecf62b58
07f5f5ca	13bab017
0800419b	76cb65c4
0831d4f9	46024204
089b7fa6	9b0400b5
090f3338	3fd0c432
09441edf	aa6a48cb
09c135a9	eacf7144
09e8d2a0	118a208a
0a3c1fbb	3cd2440e
0ace80f6	54bcda39
0b12737a	1ad4cdfa
0b41bc7d	cabf7757
0b7d49fc	496b82f9
0bd8905a	47d28077
0be63c2a	bff1019e
0cdf4cfc	27600ac9
0d3a1ea2	ddf8a7a6
0ed29995	25cd2453
0eeca08f	9b1f51aa
0f38e182	6e962203
0f68a79b	425acf9a
0f97b8f5	d72079f8
0fa6bcde	5510d0c5
0ffc7aab	9c6a9ac9
100e6baf	b7f5db56
1051c96b	b17a29c2
105683ec	d9f84b1b
1058e7b6	5dc6c83e
10a07b93	215fc45c
10d7ad3f	dd5052c8
11017c80	8f2fc3e0
113d039c	8b734d2e
11cd60b4	d20a0b29
11d39a57	76c01753
11eeb27c	3990010e
12d3472d	75755ede
12e59df4	fac6cc3d
13023f87	85c4f36e
13170d45	cfd03920
133495b0	91fa7be4
13400599	45ba3f66
1352530c	88f8382b
13820ee6	1c34eaf6
13adb874	f4321ff1
13b2c458	f1cd5394
13e55ad6	df56719d
1407a4ea	b02c0d32
141301cd	e6a051ed
1465aa7d	a8af37f9
149cb06b	ed8f69d4
14d018d3	e16639b5
1518e1cb	624ad828
154a153a	ed20f042
154e4ab1	df85c3d7
15550f7c	7b0f652a
156a31e6	c2c1756e
1586090f	d1781bb8
158ab814	2f0c9e81
159866b7	4e034fa5
15ac3cdb	48120e9b
1613ec5a	186d7b40
162d9dbf	7463f67e
16379ebc	d32d4640
1645d5e8	bf4e1012
1664038d	8c362f50
16742a02	03d6973b
169b9c4c	68282d4e
1747aac8	872cea58
17b768f0	92406bdf
17bd334d	5c4f90b9
17db559c	df558356
18135e37	4e889576
18156874	ba23b450
1838811a	b6e30ca3
185d0a53	ff7a7308
1877b10e	fa21e7b7
18e1b40a	6f1e483b
190753c1	83813dc1
1911bf30	9487788b
1948e557	41f6c5cf
19926ccd	cb11565a
19966216	41bc84cf
1a1e7a02	0361751e
1a7052dd	ee3f0b88
1b1fa9ca	db24fd35
1b69052c	0d97201e
1b795d27	a74ebac5
1b86d98c	2249d1c3
1bf9cd8a	48cfdf89
1cb3cf62	c48cfabb
1cc08613	7e3e60f3
1cc18ce6	3dc3c4ed
1ccc5489	402a3166
1d1a74ec	6b908737
1d1bb34a	c5213244
1d2b4f52	642d7ffc
1d3d5e49	ac2e66a1
1dc35bd2	9a456e90
1de5188a	d9ea32b7
1e3c770b	04ab9ced
1ec618cb	a2515acc
1ed462e3	3b6eabbd
1ef501c2	4c766825
1f2735be	44295af5
1f310355	53efbdf9
1f31352d	67bf0aad
1f5a4da3	76f5534d
1f752af4	545b2dd6
1f885615	bc3e6a34
20345e81	1e8691a3
206e7b0d	79895d5e
20d6ec30	6d4563f4
2105502b	e19ee2c7
212020d0	f2eec829
21536a6e	3241776e
215a2e99	5168c0d5
21cfe4f5	186dbec4
21eb94dd	ce5c1f6d
2209c58b	aeab7b8b
22529ff4	f514e3f4
2265dd88	c0b2142e
227e42c5	64a06cb2
228b0a5e	2499b21d
22f6a87f	5e0c8de0
23217568	f9833a09
233f3637	fd98ee77
23444ddb	11db1ccd
2346a32e	56fd17c1
2378e024	d76b8a4a
237e8b38	db8164fd
23942644	e6431f85
23a0a153	ba9b0b7b
24501f61	56028fbb
24dd1e9f	3a5f74e2
254d53ed	05db05bc
257cdf2a	841a7046
25dd2078	badf5bed
261945df	a1539d80
26d7294d	f7b1d3cb
2729cbfd	e6aeeb49
27816687	d7e3ec85
27830c6e	c87cad0b
27934b63	91799241
28505eb3	06237372
28a98c92	3666b628
28be9bcc	a11d502c
28e4961e	920a3c5b
28ef49e6	3ca198c7
28fb0f29	c3055302
293b3c83	71492aa0
29cda9c6	b98e413d
29e1400d	5af75d59
2a59835c	04a23372
2a6d9752	b86b2b63
2a9cc238	83aa2c02
2aa5658d	0b9ef529
2ab93c3f	9f3b48ff
2ada95c4	b6e5ace1
2b51d1d1	488ee7fe
2b56de52	eb0c026a
2b6ff79e	59556ec7
2bcd7a76	d4f2b58e
2bd4e7c9	0bb704cc
2be076f7	6dca6191
2bed3fee	97e7a502
2bf8799e	8817237d
2bfc8bba	da4fc2bd
2c45ab3b	66a6116c
2c78ec01	6e2b3c5e
2c996fbc	e57e1752
2cb33ebb	2118f705
2cc47071	0e3bf94e
2cd11db7	d032a52b
2d5aeefb	4ff56875
2d7e64ac	c4b535bb
2de6633e	341c6fca
2e095443	e272338d
2e34f669	d6aac192
2e70bc41	f8ffef61
2f992c71	55daaf26
2fdd25fc	190fd70f
3002fd76	6e3cbf8c
309b818c	040d5bf4
30b3eaea	3a2ca150
317ed4ae	e7f99b7d
31a7fcb5	154537e7
31d6ddd1	a08437a4
3211f86b	b2f6c115
32142bb3	5e3ed17d
32a016c3	9c2a898f
32cc8b5d	6aa78c8f
32d31d74	2510ee3d
330eff07	5d28b149
333758f7	0811edde
3387b5dd	4eec2ebc
34474670	2005241d
346f4aee	36e0507c
34ac3a00	29e2348d
34df30ff	50b0e03d
35519823	07ba316b
35c5a575	dcbe841c
35ebc6c5	7500d9d5
35fe301c	4a105470
361d61c6	05d7f824
366b775c	7e3189a1
36940183	0acb32fa
36d88e97	0a4f7020
377da580	476f2db0
3877587d	00a9cfac
38c006f7	1ba7a438
38d04fd4	337afdb0
38e53ffc	d21ee37f
391d3c50	9fcabda9
3960245b	56e67ce4
39c26003	ef28cb39
39d37ca9	f3602342
39eba9ff	04f05529
39f54e0c	a1a7a21d
3a256cb2	9a0a2d07
3ab1854b	5c120737
3ab81db6	db563761
3ada324c	43080fee
3b3119f6	cde6b60f
3b4b94b0	f3c503f8
3b761e48	143cd87f
3c36850b	c614a8c6
3c60e0b2	198a7821
3c7e8cd0	26813824
3c95591c	fb870b0b
3d4ef9f7	1f384038
3e394a89	ecf7b2a9
3e4c869b	510e80ee
3e838ef3	c89815c9
3ed0e51f	388ba784
3f148449	742e50aa
3f96e89a	fe4188cf
3fbb5336	dbedc9df
3ff54132	a3a39100
406fdd51	44c5bee7
408dcc77	0d4f9c32
40b79cf9	e7eca833
40c00a12	648eb9d3
40d19e6a	e8979480
40e4d0cd	531ae0e5
41263b3f	50f8e328
41d25c0f	cef5d9d1
4236cf60	5fadbd5a
429168ff	4c73aeb7
42bc34bd	102a6daf
4304cb03	9466a60b
43138b0d	3861fc82
43335ed9	8f6983e5
433f610a	013df4e5
4359e9df	239fb3c8
435a687f	17c1530c
435d1562	9efafcef
4372c5e1	00a86b78
437eb4a3	c46c3a73
43b26447	964c07c1
43d4eab5	2e4fc3f3
4403e263	33e52783
443a5179	849145db
44736203	56057148
447f5e7a	a5609d9a
4492d8f5	2494e1b2
44bce6ec	b6e7cb9b
4562b2ec	86603178
456e431a	719d977f
4570e709	57ff742f
45a054cc	10af5004
4611fe55	af065794
46690123	fd1f2935
466b6d35	03545fc0
469de6e2	52435c51
46efd736	2894fe2c
47432c06	9e09bac8
4763994e	23918e00
47703dde	5fb3a911
47c734dc	a4d93e85
47e676ae	e559e744
4881cf38	c8c7c677
48b3218f	29b45056
48f7ec0e	f26d25bd
4931f355	50efff41
49485576	db4273e2
4973dd9c	3c0d6687
49802c36	c9afe8a9
498d02c7	6dbfbce7
498d2ee5	f8261964
49bd6d02	6c27a941
49fa4b01	9b4c472c
4a133811	6018b3d0
4a167f71	e265c3f2
4a18933d	86b7919c
4a194430	839365f8
4a2e98a1	f7c54e07
4a3a01eb	6920e862
4aad9194	e95ee433
4ad38a19	88658163
4aec2dac	4412b4a3
4af7c06f	d0554610
4b0aa292	8a396a3e
4b54b03e	66672e6a
4b5eb35b	d28d87c9
4bd5d8cb	c042bbf4
4c063f32	7101e8b5
4c772a52	9c997d3a
4c9eaaf1	ce305f03
4cb9f05d	142b71d1
4cc50a85	1d1bbf9c
4cc8a401	b22e177a
4d3a2098	fec81f3e
4d8be231	4735f019
4dc75142	0a2d4eee
4dd24fb1	2930f230
4df00ceb	f9cb61de
4e319106	5727319d
4e4ea80b	b8f8a1e7
4ed0c938	432f8b51
4ee25a12	fe296aab
4f251c54	da32645f
4f647522	d16ab366
4fe5947e	f2f3f550
5038f258	f063db77
5070379f	f5d6d85b
50b05c3b	4ebe5abf
5123db42	0de462fc
513197e8	0577a83b
513dbbfa	851f8b3f
51800ef7	5367fa1f
5185660b	22021047
5256d322	2449f096
526ad21c	6dd1640e
526f1385	70a9a9d3
5296ab68	e64dac2c
52c1b74e	82f6549c
53414ce4	3d4fee41
535de4af	3af399fd
53a4b81a	4b02dd7e
54327cd4	fbdc1030
5454fddf	dd637391
54706560	2736b298
54a021c7	52be3352
54a49e83	325330c7
54af14fe	6cec2b46
54e6ae98	b28160ad
5536656b	1c75a538
5558e1c6	22e2b1b3
55605eac	d82734cb
5575e86b	b26a1114
55d65bae	0115d578
55d7da8e	d345712b
55ff73e9	ae0c64a4
5658de84	9c8b73ac
567b771c	07819efb
5697ad41	e4e94d76
56eb9626	9380a69e
5733acc7	4f28fee7
57475f7c	a6fc52bb
5758cc6a	c3dac43d
5760883e	091a2c66
57908256	5cdb85ad
5794e1e3	a5f7b570
57bc7f99	c4f2dc42
582fbf9c	0e498947
58cbef1d	06711cc8
58d782d8	4b3c098a
58e29c7a	6fb15bfc
58f98079	8cebb5d1
5909a5ab	51864de6
5952d749	e574e14a
59c17e6a	5d1a8f57
5a0c3b07	7427dfaf
5a17f02e	a1f04e1a
5a646397	a98a2017
5a6733e0	f5cd1eb6
5a8adeb4	cde87344
5a9a0584	c260986f
5aa3cede	d505e768
5aa80d4e	45fbc2b8
5aa815b5	3c5f77ac
5aeb017a	18d19957
5b724fe7	78c4d922
5be02a5c	0ba7fe62
5c00300b	d16bc6bf
5c2be301	4690e5a2
5c8f046a	e250238e
5ca73490	929d54c4
5d312969	52b7e6d0
5d8054e5	395b8776
5d811272	a4aee1b4
5da49e98	592fc6ca
5da7f278	37c95707
5dab17b8	f58ca761
5e1622f1	e75db257
5e56e8ad	f6b1946a
5e869a0b	56313454
5ef306cf	9dfce5ad
5f0ad094	7234d87e
5f4c1355	7df2b5dc
5fab8e64	d0d1b60c
5fff7c4b	423d2fcd
6084b846	1073524c
60b1850d	8c06c681
610e2426	9ff10ded
614edc8a	f275c3f8
61953ed9	b0d27d21
61e59f0e	6043c266
627f9506	cb64daa2
62bc2002	7107e6c8
62d08e89	a8f7c615
62e52be1	575bfce8
633fe052	caedfd1d
636537a8	917a8ad9
641560be	d5ba4f18
64284492	0c36ee68
642fb085	9e357edb
644e7f35	a7a1c08d
644fcac8	9c94ca78
64ba0ba4	c3551822
651ea18e	6820b982
657c0dd4	be0be136
65973ee4	d339ce1f
65a639a1	5d106053
65baebcf	fa38a467
66022d25	9f85f4f1
6606de57	5db0ecd0
6690774d	5ebaa8da
672c25d1	9252afca
672d1102	c8221097
67e0c035	02934b95
681f0621	8805e3ee
682aec35	5e35bbb7
684c01a7	845a276e
684f1976	cfd1d8a9
688734d9	b454508c
688aa4a1	93cd1d95
689758d5	9cb98e72
68bb2263	f1c05f7c
68c3472c	a90c4e0a
68ef07d8	bb64cd78
694b7453	985540af
6969bdf0	e99242af
697ed9c2	80e9aab9
697fca84	2d69a03d
699484c5	d06efad8
69e0aa73	4f57e603
69ecf11c	746fa24f
6a1ca411	390649fb
6a3daf43	cb160055
6b682b69	e95aeb3c
6b7cdc9f	404f8a8c
6be8aec7	ba2737e4
6c05c545	4f67a88c
6c122147	64f5266f
6c1605f5	cbeca35b
6c5780cd	c1cd12d6
6c6bf8a3	983d45e4
6c6c1af9	59d7702f
6cd93fbc	9bdbe0c4
6cf25ae5	3815899d
6e0e400f	eeede27b
6e14de30	2a27a6c3
6e278845	ea4d9797
6e6628ee	daf81ef9
6e8fc283	55c0673c
6ec09695	f55b1f47
6efe38df	cde53a1e
6f303fc7	2e224f68
6f4433ac	30afca2b
6f687534	5a9eabca
6ff3aec4	67f84095
7011c0ab	d3a77445
703a3c54	38640585
7051752d	8cb33bf2
7078d687	fccb8e6d
70799ab7	dae72508
709f626f	82d5daa4
7115a72e	c8e7766b
715f5bc2	6b24221a
716c4224	53cf4650
7179def4	66da64cb
718d281e	954e5794
7194a234	95ce4bc4
71bc646f	39c7cb1d
71bf49fc	75044605
7209aa67	9002c13b
7268a5af	3fe7e692
72f24bd2	d0943c77
735fd025	cd25451b
73c0b5a7	ef4f7440
73e71b9f	758494e4
7424b174	c38b57ef
742ae44f	7b44df54
745e8ac5	a90522ab
74b75c53	0ad57287
74f902e8	2dfbbe16
74fcb88a	594b67ca
7504481c	732eafaf
75c52976	19b7c5ba
75e96f98	e7366cd4
766a1677	9f99a573
76863d5a	3ffcbdd5
76c6b4da	5688f412
76e0b596	138a2b7b
771e6922	5f61e3c4
77eb24e9	f4c51259
7880abb9	8f52c8a3
788b77d1	02edf32b
788d7681	4f860dc4
78907a0b	5237c755
78f6f9cd	c7fc329f
7964566c	820776e6
7993444a	123cf112
79ad1307	fbb76a1c
79c7f171	a10dfdf7
79d8bcb0	0f7b8304
79e66bb1	61dd1630
79f70c36	59b1936c
79fe940b	34ccccec
7a056f2c	fdf60d69
7a3b1179	9828c6d9
7a41490c	409a3949
7a86968a	1ed9a44f
7a9166d9	119f3d6e
7a9e8ab0	68194617
7aa0b8df	24b251fb
7aae452e	54bcd49a
7ad0fe7f	955a2ca1
7b331af5	8e8dc7ef
7b4b6ca8	222da369
7b94ddfb	d59e66be
7ba251f5	64ec4e19
7c27b227	a17c5f78
7c50f03f	fd73538a
7c5a5761	32ccc468
7c7aa5b3	ce30c179
7c9c2225	6042aa0f
7c9eea49	c908df38
7cfddb2b	fb8a0817
7d186aab	f88aefc6
7d355811	678e0930
7d4bb09e	e5248537
7dbd151f	de4b3e12
7df51c3f	d8e31809
7df86f59	ec5a2cac
7e42e953	61319a6b
7ed4f0b9	263f4d5f
7f11f2ab	4c0b7c7c
7f2c2977	4da265e6
7f4f8a6d	323c0e92
7f948660	a90ae371
7fa55d37	33d67970
7fccb7d5	efa64ce8
800c0049	498bb062
801ca180	dab628bc
80300e09	aaca68d0
8056ebae	952864aa
805c10ba	b262afaa
80d0a119	9bdadec5
80e68a42	df603d81
8118b6eb	ee766c43
81568fe3	eee4eb68
81993ba3	d2b71d6b
82435fce	cbbc7941
82555728	47a622eb
82714cc2	a7aff3a0
8336aa43	c58029df
835d7fe5	47cb1af5
83778b66	5711621b
8385b06f	3df6d685
838e744d	6050c685
84b2563e	570ce20f
84d9fa75	d8af6c68
850d9604	90668d35
8585e0e8	dbcf1ea9
8592c6cd	25713a19
863e3f35	42c1b0c2
8667d1e1	23d5a75a
8691033d	166b3fd6
86a44c3a	c3f7a156
86c7ef63	921c89c5
86d13f15	7c1321f5
8707bcec	d1613fe6
87452014	6edbba73
8788ad3f	c51f2e4c
87b2216d	44c09644
8814cf8a	45a25bce
885b50ad	0094f2a9
887fec9e	8cd524d6
88ab9884	7b096b04
88d81faf	b84320bc
89399b54	5f4fb8e1
8956913e	75184307
8973430d	37141835
89aab4b0	3a44eae1
89b94bb7	4effda65
89f44a57	f05f0d69
8a2e7874	d3153c11
8ac0ddd4	3afe111e
8ac7cb72	6fe55dd4
8b2345c6	2364ecf0
8b5cc02a	afb33d2c
8b6c96d7	74d68df7
8b8eeefc	dd5c3e38
8ba74b44	006ceedf
8c7c3b35	d59a38a1
8c9deed5	39273653
8ca2e5e3	4a01380c
8cb1bda4	383fe093
8cdd6770	b2f7a84f
8ce12e7f	c7a22cc2
8cf4a281	666bc6f0
8cff606a	a9c81a8a
8d5b13a5	ed90379b
8d6cb0d2	4d4ed9cd
8e031d46	b430bf06
8e1bfebc	88f0aae7
8e88218a	4eeaabb5
8eac1eae	e91ea3de
8ed583a3	54de9cc5
8f1aaf43	b4cd295c
8f5b9e46	ea21ea6a
8f8c3b2b	3fd609f8
8ff50e47	eaeec492
8ff85cd1	bfa2ad84
90470fc6	b420c85a
909dd58b	1c5baf23
90fde101	56a2305f
9123bc96	6b58c4a6
9135312e	c19ae770
91b91623	dc7f29ca
921803fd	0162e046
922a058e	32f8fbb3
926940fb	55d38b1e
929b9032	901c2fe1
92e3d01c	31b8ba5c
9300eedb	eb0ac273
93ab5e7d	abf1a218
94059eca	f9372b27
94130fd7	876dee5c
941e449f	02c063a7
947a3784	0afd10bb
94db44db	46e49bbb
94f6567d	decc89f9
96010d62	d6728c2c
9606b65f	483d0daa
962f240c	9beda067
9706c4ee	ab9007b3
9743ba48	58542545
974ee836	f3ace05d
97dbcf74	c830a96d
97f81cc1	922f2b7a
981f35b0	6e88c70e
981f6409	dd317a7a
9866bb88	e0f15e7e
99567041	aa1dadd9
995796a0	ec646ca2
9a4a5212	055ddbaa
9a661e27	4c119b40
9a767be8	ac0006ec
9a7c6f10	7552af37
9a7d1105	6147f493
9aab81bf	864d3063
9af900a2	84eaa3ce
9b019821	1ff32e7e
9b14abac	06ef3292
9b291c5c	3dfaa5d0
9b414383	080af25d
9b755a98	b68a06b6
9c1e66db	7c449953
9c567050	39c9e0e7
9c88d3f0	3a670028
9c99dd49	dd2e83d5
9ca18b0a	d0e2caf6
9caf50ce	6514b208
9cce38ac	7029be78
9d1a7733	9220e2a9
9de50cc3	d0639b12
9e0e48b9	2801ef9c
9e4ee8e6	eeb91c28
9e70bfa7	6c12303f
9eec59a1	43b71aae
9f48255d	53462ebf
9f950c89	2dc68fda
9fda2d40	6355e65f
9fdfcea2	b0ec80c8
a02f9ffc	4795b21c
a05c9bfa	bcefaffb
a0959a42	d937e8fd
a141436e	10da4e9f
a18f3d75	f47559e6
a1cb3c13	26b0d95d
a1f245b8	dcf80da5
a1f63b59	439095b8
a1ff406f	f3591a8b
a2184db4	feaed05f
a242ba35	1ec8feb5
a266afa5	9a6c530d
a27a6a0b	35440821
a2c15d5c	f6aba2d9
a31527c7	753fcbe8
a3271d02	01c4afd8
a43cdd06	0ea34a4b
a4547800	0d6a860e
a471229b	6e86829e
a476805b	0600b362
a49e610c	2ae5429c
a4b07134	3c831418
a4b73e10	53bd7e27
a4cd4235	f9f74a9b
a4e1161e	4fe3ec8b
a50e34c3	55aca91b
a539ff58	8f8f5715
a5893bac	b8662235
a625e11d	e5cf9fdd
a63f5284	8d608664
a65c92cd	9f4a285b
a6b09741	7817f288
a6bdc14b	bd661dcf
a6cca65c	07c2b511
a713393d	5aecb4eb
a7375082	9048d819
a76d4ecc	aefbf866
a7a2560b	1a196a63
a7b06ba4	96ceda61
a7e93995	0b53c522
a835d47c	7d0317e4
a9070326	dd11e97c
a91db9b1	78c7deee
a9693a2d	ed5b92eb
aa1157a8	91367d6a
aa9e0614	69443748
aaa05157	fd920cc3
ab376f23	67d4509b
ab4c0bc0	365fc735
ab901aae	c9ffad55
abea6c5f	583402b4
ac1b9edb	0a2998ae
acbc3100	cfefce7d
ad08f160	b837c957
ad424cbc	5f38e378
ad7b05b3	5f09eaee
adf2e422	8699b1ad
adfed127	e73ce5b3
ae168fd0	cbc08ab4
ae3a6128	3cbd39ae
ae5db813	e08648d9
ae83c8be	7021dd37
ae91ee1d	3f3779af
ae9be51b	327588f0
af4d0050	350ec263
af932d17	bb498940
afc13379	62a2a4d9
afd88630	449f96bf
b0269f96	1bf05519
b0a308a7	45dc7b64
b0c95f46	c28283c0
b1572999	58012efc
b18c04f6	a37322ec
b1a3a3ca	861dc2ef
b1a3f685	d72cd090
b1af457a	b1e9745b
b1ce405f	b750c70f
b20ff39e	27ed9333
b238635f	0d2e4aa5
b24109e7	533794cb
b253a1f0	7139587c
b25c1100	533b530c
b2b9f7ce	4446d73c
b2f41e3d	b433cf26
b34266f5	2eacab09
b37aa91f	fe650f83
b37ce12d	4f77b69c
b3829ea7	b291ef8e
b382a043	35c1ed12
b38e1642	c3fd0cce
b38f56d0	2f75efee
b399e374	31d7747e
b3b84155	ae46e6de
b403164d	724935d6
b421fbca	a7cb0fce
b4262c94	eec0b118
b4cfea03	2701369c
b4decbc9	297c7bbf
b4ff8ebb	fb7586db
b5036e85	96c88f9f
b51e376f	aa79c868
b527df10	c57d8b02
b5344d97	be2ae56c
b53f896f	29ec0953
b563e157	3e35d284
b5829dda	d43d42ac
b5c020d0	9c7a127f
b5f9264d	c177d955
b62e732f	87803f1b
b65df5a5	bf97a1a6
b66d583e	c46e0dd0
b67330cc	28a5c045
b68d1c7f	242e22a8
b6fefb70	fb3c1695
b7639fbd	21d521f0
b78379da	2218f0ef
b793a322	292d9b6b
b7c91969	ccefdb4a
b7f5bbc5	3e8ea7a1
b807058a	76213a46
b879990b	7a3b62c6
b8827f71	8ff19e09
b89342bd	19517a64
b89ff7de	8f690b73
b917d08c	4b304b5f
b93419ee	d0871de9
b93e06f5	4289bc29
b97c1563	6226442c
b9d58299	a58eaf8d
ba521df5	a0e8e841
ba8740d5	1b289055
baa55f1b	40bad412
bafb8df8	6de554ba
bb009cae	813a553f
bb3d38f5	a34fa566
bb45c65c	de423a5a
bb656394	ce367ecf
bb87d4ff	0b10ef44
bbae1c9d	d420f216
bc02d8cc	cef0124b
bc5a203a	679dcecc
bc6b5382	cefdee55
bc890b06	02622fe0
bcae8456	2b5d9174
bcb5bd9c	f20ffdaa
bcbc8f4e	d48bf954
bcc867bd	75daf21f
bd6074f0	2a670da0
be0d05e0	f72bfa96
be2705f3	95546026
beb402c6	995a93d7
bf143b6a	5dca6cf0
bf3f0d49	1b61baba
bf4b48f6	a3f45f18
bf5c0fe2	656bda98
bf691342	aea7d474
c0150c72	aa362f43
c0190c50	1de346e4
c04bc38f	b43c5621
c10e0a34	4a20397c
c112df06	c2b9afe2
c15ff1c3	71ccaf55
c1c32be9	4af83f33
c1d30e6f	298d0f97
c1dd92c1	006ffd2e
c236bc13	0f2113b8
c26696bf	38f00bf5
c2bbdcd9	ccf03a70
c2c53207	76924629
c2d82e8b	f21398a2
c38e019f	fe51f3fa
c396ba74	919d95dc
c3f87d41	f24a74fd
c3fd3e7c	476677ca
c405ba9b	af5a60da
c4973d1b	8cf9cd69
c4c9c6b6	b45b56e2
c534aa30	1f52bc3c
c571a6c3	fa56929a
c6137b02	da086d1f
c64cf66b	f6f2ea7a
c6dbb629	236c4005
c6ea9ff2	6a5971b2
c7331338	674142cd
c77c40a5	9b0b43b1
c78d3c0b	f0e7e5d7
c79f28f1	c6a0ca22
c84e650e	35302b3f
c8b0e114	fabe0ea9
c8f9c24d	f5fa92b7
c988433c	0fdfa4ad
c99bfb88	91187328
ca33cdc3	b9fc2ae3
cc611abd	1efe34dd
cce29fc2	a005a6d0
cd1268e5	1d0c7abd
cd2ce91e	4fd34ab0
cd38442f	9c579e64
cd50df0e	cc33b9d0
cd9aab3f	204d71bb
ce105fb4	f2feb533
ce1d1efa	5e2b0676
ced1ac6c	2dded1f7
ceea4ddb	0cbcb3f3
cef41b83	67bbb4c9
cf1b1ad7	ced4d680
cf1d9587	d25620fd
cf4362d2	7fe590bb
cf9e49f2	ebfc4691
d004d751	3d0251d0
d04fc7d6	e291bdb2
d0834ad9	4369ab26
d0cbe1dc	e1117310
d13a8941	52652686
d13be500	c45cc12c
d15f62fd	e1e1047c
d191dedb	62366bf4
d1d0a3a1	d00fab4c
d1d46de3	11166df4
d1d4733c	89bf5bcf
d1ef7007	3cb5374a
d1fd5193	d636e342
d2761a27	114025b3
d299a472	975a761b
d2a7f80e	7880ed95
d2b681e9	7451e742
d2d799a8	38e95013
d2f77c3a	55d482db
d3185c27	54fb0c77
d35db62f	e2aadf1f
d3641425	bbc7b6fe
d379cc6f	fd72115b
d3c0c2b8	d82b715e
d3d94481	001331bf
d422845b	5241ca6c
d448b1d2	eb2b460a
d47e7afc	e17171bc
d480f44d	d3d31769
d52ac19e	9550d3c6
d569a673	d6fe005e
d58d4a57	60a26b33
d5e6ccd7	79fd18ba
d5f03246	64da244b
d5fdb8bd	14266409
d604e0a4	ba436a26
d615b09e	bc8e8d8b
d65e53b6	93e8ecf5
d693bb43	0c55da0a
d76ebc2a	94c9a347
d781f032	f6ca0718
d7958d7f	3a26e6aa
d7c4c287	1877414d
d7f1df5e	c9537147
d82a296d	ef05a376
d83b04fb	7189e13b
d86cda26	487e26ed
d88cc27b	052f50da
d8a2bed1	661c31fa
d8ef57c3	2488ad80
d9713943	863e56e7
d98b3caf	f4f14cf5
d991ada3	1d0f7f86
d9b74a4c	95392698
d9f4489c	862f8de5
da412c2a	4cdac127
da4c74b0	8daee3c4
da769573	1e158b8a
dab3929a	e1d8b666
dad1a1c3	33db0255
dadf7b26	76a8c9af
db2c9ce9	4d3a643d
db49330e	41879fe2
db50963c	13ee62e2
db68a4d7	06ea17c8
dbcc4412	f4ae28b4
dc223e45	d0250823
dc226b5c	d780833c
dc33cc11	efec1c81
dc5c723c	ac1a40b1
dca1f7ab	03fb6d0c
dcd1aad1	60276ea1
dcf95a75	b2e22fcd
dd13cc82	d320e57c
ddf9b2ba	5ce6de7d
de0ac8e5	33f05f33
de789a6d	6887172b
de96071d	1d1539a9
dea62922	b4990ca9
debff628	95e46210
decae99d	13bcf4ad
df89c9ea	e9927426
dfd59f82	3cfa8577
dfdb6c52	46e8b1ae
dfdda3c3	fe4beeb5
dfec20ea	cfcb9027
e05ed0c9	44195930
e06219e0	5cd0578d
e06ba962	d40c2c85
e0776624	3bc1e97e
e09b215e	2f59f4f8
e0db756c	419476db
e0dd80d6	c2bb1c3a
e170754c	6ea376d1
e1783949	a22f3ac5
e18ef959	b51081cc
e1a941fd	b5f3ee7d
e1bcc176	9a02ab6f
e1c14ccd	77aad02e
e206d3bc	26509439
e243d995	48ecbbab
e2785869	bd0705eb
e323d990	5f29c82f
e356d420	7750ed3b
e372a765	8c918b74
e3f1ce0e	3982680e
e42cd626	72861921
e44ee5f9	eda51d60
e4bf3120	1c315d69
e4d9ee8f	a96b8d73
e5dee485	f8a01533
e618c690	4d32eebe
e6c09e83	d7d71bec
e70097f5	cf534c62
e7430197	f54c9265
e7ba02ee	94d51cd0
e7eb854d	66789165
e7fb5ca3	c8d0f10a
e81d27d4	c96372e2
e88b8e5b	b78c546f
e8cf9820	baa84c1b
e8d09697	801e77ca
e923f5fc	4c941539
e94fb7d3	fbfdcda2
e98e1098	22dd887b
e9f7f778	c8c1e545
ead7eb48	23b1a94a
eb43d8f3	7ac584b8
eb833811	42bc27ec
ebc34d78	3f5021cb
ebcd16ae	063fb94a
ec05f7ba	db92fa0b
ec0c81d9	8a0e346e
ec179f6f	ab71587d
ec3afc06	41649610
ec4997e4	20bbc0cd
ecb31eeb	dded29df
ed305ebd	12b33a53
ed40a557	8057df75
ed555c3a	0d2711e1
eda68552	4cc4f4ef
edae25e1	42180767
edf4f9ec	c92bc52f
ee05c693	4042c2a4
ee3a3333	f58c3f32
eebbfbbb	854c955c
ef680aa6	e3d3dba4
ef69f3aa	b2dacfd1
ef72689f	557c9672
efe4b2da	636bf764
f00c61e9	abaebd58
f05c8a6b	0d47871a
f05f9824	2ac10a63
f0678783	64897ebf
f068b109	185e111e
f06e4e4d	45d8ad0b
f08c5d9e	7ec3502d
f090a03c	e7befd56
f0a6b0db	cd2d24f8
f10a180a	34319118
f12532c8	3e9fdd22
f179f40f	f64e10bb
f1852d54	a8d7a860
f194a737	3e4a98a9
f1af88f9	7ca89584
f1cc455a	98fb2276
f1d2fc22	d71c1354
f1dce44c	83a7e910
f2101814	580b074d
f2692614	1d37f942
f27518bb	370e345d
f300c00c	d00ad2fd
f3170d90	bef01360
f32d713b	14b719c5
f34826a5	817b92a6
f3785b5a	0f8b5b38
f3a3213c	ae65b98a
f3d7cef0	0fd1e640
f3e0f198	cd2a30ea
f3e132a3	2666bf9a
f3e85b73	3cf2e9c6
f43b6ef1	5d59c07d
f44643ae	4eb1689d
f47addfa	da94ddb9
f4a9016a	34a7a1c9
f4fa9152	862dc865
f50b5c41	a2dded89
f50fde17	9e194dd0
f5b625a8	e81dbfc2
f5c9fb39	878e0971
f61f6b94	0db82b82
f62ae983	c9c04883
f6a7d573	f554c0e5
f6afa37a	ba88e5a9
f6d27020	e80c9792
f6d2cba4	1fd12b8e
f6dbe36b	b5a92bf2
f73a24c8	d854bb6a
f7e45594	0c17611a
f85530ef	bd067803
f8b05cec	5caefdc3
f8ded1c2	0f94c335
f8fc7e1d	b5120012
f902073e	6e44af97
f94eab04	60843df8
f94fb23d	be2914f9
f95b4c1f	8604cb09
f9798f9d	9d6fc3da
f9a799a0	80d00794
f9c7b964	0ef10d2e
f9d1b520	0a23f828
fa4e18f3	d13d07b0
fa8444e9	277ea8f5
faf39ce9	32f80089
fb2be8e4	dc25533c
fb452882	75e6497a
fb6f65c1	7145ccf2
fb78c992	895315cd
fb85e031	30e32e1a
fb8ce225	738a61b0
fbf2d835	00dce8f0
fcb247df	0fd4e532
fcf4da09	d306d709
fcff35e3	ab152174
fd0086f7	41b79d13
fd3aedec	722de996
fd5db793	1d9bf364
fd84f1d5	77b38e3a
fda0d70d	c99e3278
fdd28a7c	b364fd20
fddfcde4	0c2d125d
fde4aad7	07460ee9
fde7d827	053d681d
fe0057f4	36d21414
fe025a96	6e48fffb
fe09d209	797f5389
fe1048cb	8d7b26c6
fe33f8c3	5f10a1fc
fe6f21a8	3e10247e
fe72723d	6ef561fd
fe75f288	07ba4fa1
fe86e074	682cbf57
fee05a42	1ebea26e
ff104d5b	685a3c15
ff67e37d	e6841eeb
ff6da030	6e266855
ffcc00de	e256561c
ffd8fbad	704ef718
fffb533d	f689125c
